<!DOCTYPE makita_stor [
    <!ELEMENT makita_stor (Tools+)>
    <!ELEMENT Tools (name,price,color,type,id_stor)>
    <!ELEMENT name (#PCDATA)>
    <!ELEMENT price (#PCDATA)>
    <!ELEMENT color (#PCDATA)>
    <!ELEMENT type (#PCDATA)>
    <!ELEMENT id_stor (#PCDATA)>
]>
<makita_stor>
    <Tools>
        <name>Screwdriver with tow batarries</name>
        <price>500$</price>
        <color>blue</color>
        <type>house</type>
        <id_stor>533243</id_stor>
    </Tools>
    <Tools>
        <name>drill</name>
        <price>55.0$</price>
        <color>black</color>
        <type>build job</type>
        <id_stor>754333</id_stor>
    </Tools>
    <Tools>
        <name>Screwdriver with tow batarries</name>
        <price>500$</price>
        <color>blue</color>
        <type>house</type>
        <id_stor>392587</id_stor>
    </Tools>
    <Tools>
        <name>lantern with one batarry</name>
        <price>40$</price>
        <color>green</color>
        <type>house and job</type>
        <id_stor>722843</id_stor>
    </Tools>
    <Tools>
        <name>patishon with tow batarries</name>
        <price>290$</price>
        <color>blue dark</color>
        <type>house</type>
        <id_stor>123876</id_stor>
    </Tools>
</makita_stor>
    